"","start","p","p_bh"
"1",1,0.69956465545469,0.69956465545469
"2",1000,0.240013156901256,0.279766558218874
"3",2000,0.0108223685892735,0.0391240623517706
"4",3000,0.248681385083443,0.279766558218874
"5",4000,0.154970747779284,0.232456121668926
"6",5000,0.0491114371048356,0.11050073348588
"7",6000,0.0130413541172568,0.0391240623517706
"8",7000,0.00828799629873016,0.0391240623517706
"9",8000,0.0701523181462361,0.126274172663225
