"","start","p","p_bh"
"1",1,0.101133645523884,0.716011954378812
"2",1000,0.84516154073758,0.84516154073758
"3",2000,0.305320846045053,0.716011954378812
"4",3000,0.33863627856077,0.716011954378812
"5",4000,0.534710658647409,0.716011954378812
"6",5000,0.828982790523975,0.84516154073758
"7",6000,0.525900946432132,0.716011954378812
"8",7000,0.501794673449437,0.716011954378812
"9",8000,0.556898186739076,0.716011954378812
