"","start","p","p_bh"
"1",1,0.258659373510539,0.258659373510539
"2",1000,0.158575864120581,0.237863796180872
"3",2000,0.0477961097577769,0.107541246954998
"4",3000,0.211735549877907,0.238202493612646
"5",4000,0.190548784176319,0.238202493612646
"6",5000,0.0811597233697272,0.146087502065509
"7",6000,0.0213111837016128,0.0639335511048385
"8",7000,0.00927826887071025,0.0639335511048385
"9",8000,0.0149505450249454,0.0639335511048385
