"","starts","kaks"
"6",16,0.0832562442183164
"10",28,0.288621646623497
"11",31,0.342275670675301
"14",40,0.288621646623497
"17",49,0.259019426456984
"20",58,0.0425531914893617
"24",70,0.259019426456984
"25",73,0.388529139685476
"34",100,0.342275670675301
"39",115,0.259019426456984
"50",148,0.73
"63",187,0.0425531914893617
"72",214,0.893376413570275
"74",220,0.195987308894442
"84",250,0.569842738205365
"100",298,0.375578168362627
"101",301,0.00397453382575124
"103",307,0.194264569842738
"111",331,0.0441882804995197
"112",334,1.21716745757646
"118",352,1.03643336529243
"119",355,0.613931523022432
"120",358,0.0444444444444444
"124",370,1.27664670658683
"162",484,0.0425531914893617
"163",487,1.19852868550415
"167",499,0.259019426456984
"188",562,0.194264569842738
"211",631,0.259019426456984
"215",643,0.159111933395005
"218",652,1.32334581772784
"219",655,0.259019426456984
"222",664,0.288621646623497
"NA",NA,NA
"242",724,0.877551020408163
"257",769,0.0443159922928709
"269",805,0.508788159111933
"273",817,0.122109158186864
"278",832,1.04444444444444
"281",841,1.04444444444444
"284",850,0.449583718778908
"286",856,0.288621646623497
"289",865,0.458834412580944
