"starts","kaks"
16,0.0832562442183164
28,0.288621646623497
31,0.342275670675301
40,0.288621646623497
49,0.259019426456984
58,0.0425531914893617
70,0.259019426456984
73,0.388529139685476
100,0.342275670675301
115,0.259019426456984
148,0.73
187,0.0425531914893617
214,0.893376413570275
220,0.195987308894442
250,0.569842738205365
298,0.375578168362627
301,0.00397453382575124
307,0.194264569842738
331,0.0441882804995197
334,1.21716745757646
352,1.03643336529243
355,0.613931523022432
358,0.0444444444444444
370,1.27664670658683
484,0.0425531914893617
487,1.19852868550415
499,0.259019426456984
562,0.194264569842738
631,0.259019426456984
643,0.159111933395005
652,1.32334581772784
655,0.259019426456984
664,0.288621646623497
NA,NA
724,0.877551020408163
769,0.0443159922928709
805,0.508788159111933
817,0.122109158186864
832,1.04444444444444
841,1.04444444444444
850,0.449583718778908
856,0.288621646623497
865,0.458834412580944
