"","starts","kaks"
"2",4,0.0425531914893617
"NA",NA,NA
"14",40,0.497866250224248
"15",43,1.13593256059009
"16",46,1.22962112514351
"19",55,0.490250291477192
"20",58,0.388529139685476
"23",67,0.667616334283001
"35",103,0.49213691026827
"36",106,0.0841813135985199
"37",109,0.310823311748381
"57",169,0.0425531914893617
"61",181,0.288621646623497
"62",184,0.0918264379414733
"63",187,1.17775354416576
"64",190,0.230769230769231
"65",193,0.288621646623497
"67",199,0.159111933395005
"72",214,0.0444444444444444
"77",229,1.19523269012486
"93",277,1.18261826182618
