"starts","kaks"
4,0.0425531914893617
NA,NA
40,0.497866250224248
43,1.13593256059009
46,1.22962112514351
55,0.490250291477192
58,0.388529139685476
67,0.667616334283001
103,0.49213691026827
106,0.0841813135985199
109,0.310823311748381
169,0.0425531914893617
181,0.288621646623497
184,0.0918264379414733
187,1.17775354416576
190,0.230769230769231
193,0.288621646623497
199,0.159111933395005
214,0.0444444444444444
229,1.19523269012486
277,1.18261826182618
