"","starts","kaks"
"5",13,0.0918264379414733
"6",16,0.159111933395005
"20",58,0.444033302497687
"21",61,1.11862643080125
"28",82,0.288621646623497
"32",94,0.522939346915241
"36",106,1.56521739130435
"40",118,0.194264569842738
"48",142,1.04444444444444
"60",178,1.60075329566855
"64",190,0.122109158186864
"65",193,0.122109158186864
"67",199,0.159111933395005
"68",202,0.13595166163142
"69",205,1.30354957160343
"70",208,0.334875115633673
"74",220,0.00558606495872618
"82",244,0.227567067530065
"101",301,0.0442733397497594
"102",304,0.0832562442183164
"103",307,0.555041628122109
"104",310,0.0425531914893617
"106",316,0.999074930619796
"108",322,1.03942307692308
"122",364,0.499537465309898
"123",367,1.97922077922078
"135",403,1.02470588235294
"149",445,0.486274509803922
"162",484,0.52814371257485
"166",496,0.0425531914893617
"174",520,0.720094000326956
"177",529,0.30814639905549
"178",532,0.00203142839982841
"179",535,1.3978349120433
"188",562,0.142255005268704
"196",586,1.42496309008449
"202",604,0.312574850299401
"203",607,0.0425531914893617
"204",610,0.227567067530065
"207",619,0.711920529801324
"211",631,0.571505446815304
"214",640,0.2548828125
"219",655,0.194264569842738
"225",673,1.62396006655574
"227",679,0.408758266681601
"238",712,0.0444444444444444
"245",733,0.567992599444958
"248",742,0.32377428307123
"250",748,0.51063829787234
"251",751,0.139093782929399
"274",820,0.278445883441258
"275",823,0.0842414053783682
"277",829,0.49213691026827
"278",832,0.288621646623497
"279",835,0.731707317073171
"281",841,0.259019426456984
"282",844,0.957446808510638
"292",874,0.0444444444444444
"293",877,1.13593256059009
"297",889,0.288621646623497
"311",931,0.0425531914893617
"324",970,0.227567067530065
"326",976,0.241443108233117
"333",997,1.04514229636899
"334",1000,1.05045278137128
"335",1003,0.789354473386183
"346",1036,0.194264569842738
"357",1069,0.90310442144873
"365",1093,1.04042348411935
"366",1096,0.259019426456984
"369",1105,1.40572171651495
"370",1108,0.288621646623497
"375",1123,0.442132639791938
"377",1129,0.788360552417464
"379",1135,0.194264569842738
"386",1156,1.02756653992395
"390",1168,0.227567067530065
"399",1195,0.227567067530065
"400",1198,1.40191190697606
"404",1210,0.123959296947271
"410",1228,0.974098057354302
"413",1237,0.427382053654024
"NA",NA,NA
"431",1291,0.442132639791938
"434",1300,0.314523589269195
"436",1306,1.22962112514351
"437",1309,1.01122544434051
