"starts","kaks"
13,0.0918264379414733
16,0.159111933395005
58,0.444033302497687
61,1.11862643080125
82,0.288621646623497
94,0.522939346915241
106,1.56521739130435
118,0.194264569842738
142,1.04444444444444
178,1.60075329566855
190,0.122109158186864
193,0.122109158186864
199,0.159111933395005
202,0.13595166163142
205,1.30354957160343
208,0.334875115633673
220,0.00558606495872618
244,0.227567067530065
301,0.0442733397497594
304,0.0832562442183164
307,0.555041628122109
310,0.0425531914893617
316,0.999074930619796
322,1.03942307692308
364,0.499537465309898
367,1.97922077922078
403,1.02470588235294
445,0.486274509803922
484,0.52814371257485
496,0.0425531914893617
520,0.720094000326956
529,0.30814639905549
532,0.00203142839982841
535,1.3978349120433
562,0.142255005268704
586,1.42496309008449
604,0.312574850299401
607,0.0425531914893617
610,0.227567067530065
619,0.711920529801324
631,0.571505446815304
640,0.2548828125
655,0.194264569842738
673,1.62396006655574
679,0.408758266681601
712,0.0444444444444444
733,0.567992599444958
742,0.32377428307123
748,0.51063829787234
751,0.139093782929399
820,0.278445883441258
823,0.0842414053783682
829,0.49213691026827
832,0.288621646623497
835,0.731707317073171
841,0.259019426456984
844,0.957446808510638
874,0.0444444444444444
877,1.13593256059009
889,0.288621646623497
931,0.0425531914893617
970,0.227567067530065
976,0.241443108233117
997,1.04514229636899
1000,1.05045278137128
1003,0.789354473386183
1036,0.194264569842738
1069,0.90310442144873
1093,1.04042348411935
1096,0.259019426456984
1105,1.40572171651495
1108,0.288621646623497
1123,0.442132639791938
1129,0.788360552417464
1135,0.194264569842738
1156,1.02756653992395
1168,0.227567067530065
1195,0.227567067530065
1198,1.40191190697606
1210,0.123959296947271
1228,0.974098057354302
1237,0.427382053654024
NA,NA
1291,0.442132639791938
1300,0.314523589269195
1306,1.22962112514351
1309,1.01122544434051
